{
    "EVCS_00": {
        "zone_type": "sparse",
        "charger_type": "low",
        "lambda": 0.178,
        "mu": 0.189,
        "c": 2,
        "K": 15,
        "Pb_emp": 0.0,
        "L_emp": 1.2427445809357167,
        "W_emp": 6.915360704804105,
        "Lq_emp": 0.2866506028786677,
        "Wq_emp": 1.595092302605721,
        "Pb_theo": 1.980456953863473e-06,
        "L_theo": 1.2101127222594383,
        "W_theo": 6.798399544046857,
        "Lq_theo": 0.26831564565276,
        "Wq_theo": 1.5073942530415656
    },
    "EVCS_01": {
        "zone_type": "moderate",
        "charger_type": "low",
        "lambda": 0.336,
        "mu": 0.103,
        "c": 5,
        "K": 30,
        "Pb_emp": 0.0,
        "L_emp": 3.806286148154076,
        "W_emp": 11.341726673121254,
        "Lq_emp": 0.5773003677656596,
        "Wq_emp": 1.7202025083337278,
        "Pb_theo": 2.9022380005095055e-07,
        "L_theo": 3.8365138734774558,
        "W_theo": 11.418199365849448,
        "Lq_theo": 0.5743788978968425,
        "Wq_theo": 1.7094615017717778
    },
    "EVCS_02": {
        "zone_type": "moderate",
        "charger_type": "medium",
        "lambda": 0.286,
        "mu": 0.065,
        "c": 7,
        "K": 30,
        "Pb_emp": 0.0,
        "L_emp": 4.678259586804515,
        "W_emp": 16.454293488423133,
        "Lq_emp": 0.327238710579138,
        "Wq_emp": 1.1509583178816634,
        "Pb_theo": 6.59229311100573e-08,
        "L_theo": 4.736508744327291,
        "W_theo": 16.561220477523957,
        "Lq_theo": 0.33650903438818885,
        "Wq_theo": 1.1766050929085743
    },
    "EVCS_03": {
        "zone_type": "dense",
        "charger_type": "medium",
        "lambda": 0.626,
        "mu": 0.075,
        "c": 9,
        "K": 35,
        "Pb_emp": 0.004646616782297992,
        "L_emp": 16.162693157518543,
        "W_emp": 26.033490971506644,
        "Lq_emp": 7.857418101864613,
        "Wq_emp": 12.656060547625376,
        "Pb_theo": 0.004183611898972901,
        "L_theo": 15.998415178015653,
        "W_theo": 25.66394173883129,
        "Lq_theo": 7.686667725332414,
        "Wq_theo": 12.330608405497957
    },
    "EVCS_04": {
        "zone_type": "dense",
        "charger_type": "high",
        "lambda": 0.609,
        "mu": 0.098,
        "c": 8,
        "K": 35,
        "Pb_emp": 0.000261241550468602,
        "L_emp": 7.67468959740915,
        "W_emp": 12.537127736097226,
        "Lq_emp": 1.4246975712549483,
        "Wq_emp": 2.327340436303812,
        "Pb_theo": 1.3217346998735302e-05,
        "L_theo": 7.6362188291237,
        "W_theo": 12.539112908065313,
        "Lq_theo": 1.422015251208622,
        "Wq_theo": 2.3350312754122524
    },
    "EVCS_05": {
        "zone_type": "moderate",
        "charger_type": "medium",
        "lambda": 0.427,
        "mu": 0.148,
        "c": 5,
        "K": 30,
        "Pb_emp": 0.0,
        "L_emp": 3.146400015374373,
        "W_emp": 7.358062798178295,
        "Lq_emp": 0.2652785939618038,
        "Wq_emp": 0.6203713907467364,
        "Pb_theo": 6.04837124642897e-09,
        "L_theo": 3.169793707491138,
        "W_theo": 7.423404512091867,
        "Lq_theo": 0.28465858980637126,
        "Wq_theo": 0.6666477553351103
    },
    "EVCS_06": {
        "zone_type": "sparse",
        "charger_type": "low",
        "lambda": 0.09,
        "mu": 0.055,
        "c": 4,
        "K": 15,
        "Pb_emp": 0.0,
        "L_emp": 1.7211723204308143,
        "W_emp": 19.0664935232436,
        "Lq_emp": 0.07037491265848252,
        "Wq_emp": 0.7795865646188908,
        "Pb_theo": 8.623414878029605e-08,
        "L_theo": 1.7035301770639968,
        "W_theo": 18.928114710738715,
        "Lq_theo": 0.06716668181078579,
        "Wq_theo": 0.7462965289205326
    },
    "EVCS_07": {
        "zone_type": "dense",
        "charger_type": "high",
        "lambda": 0.666,
        "mu": 0.071,
        "c": 10,
        "K": 40,
        "Pb_emp": 0.004331646323310509,
        "L_emp": 18.921035399465485,
        "W_emp": 28.301161059670786,
        "Lq_emp": 9.537302133942214,
        "Wq_emp": 14.265430938048198,
        "Pb_theo": 0.003999496517927828,
        "L_theo": 18.568401442093716,
        "W_theo": 27.992438305316785,
        "Lq_theo": 9.225636155909772,
        "Wq_theo": 13.907931263063263
    },
    "EVCS_08": {
        "zone_type": "dense",
        "charger_type": "high",
        "lambda": 0.843,
        "mu": 0.138,
        "c": 8,
        "K": 35,
        "Pb_emp": 0.0,
        "L_emp": 7.165226595742519,
        "W_emp": 8.525932943833944,
        "Lq_emp": 1.1214276472114428,
        "Wq_emp": 1.3343914241549975,
        "Pb_theo": 7.191771394826217e-06,
        "L_theo": 7.344553244934828,
        "W_theo": 8.71246271134358,
        "Lq_theo": 1.2359015251035672,
        "Wq_theo": 1.466085899749378
    },
    "EVCS_09": {
        "zone_type": "sparse",
        "charger_type": "low",
        "lambda": 0.19,
        "mu": 0.14,
        "c": 3,
        "K": 15,
        "Pb_emp": 0.0,
        "L_emp": 1.4880367577461515,
        "W_emp": 7.875788723723959,
        "Lq_emp": 0.1522793829667363,
        "Wq_emp": 0.8059748799764884,
        "Pb_theo": 7.015132375996159e-07,
        "L_theo": 1.5127353210567693,
        "W_theo": 7.96177043295456,
        "Lq_theo": 0.15559341596759177,
        "Wq_theo": 0.8189132900974174
    },
    "EVCS_10": {
        "zone_type": "moderate",
        "charger_type": "medium",
        "lambda": 0.304,
        "mu": 0.069,
        "c": 6,
        "K": 20,
        "Pb_emp": 3.268828451882845e-05,
        "L_emp": 5.486041333435646,
        "W_emp": 17.938882869876434,
        "Lq_emp": 1.0425463697227046,
        "Wq_emp": 3.409036876715986,
        "Pb_theo": 0.00021736414463923207,
        "L_theo": 5.4790220937158,
        "W_theo": 18.027017419708017,
        "Lq_theo": 1.0741826545849362,
        "Wq_theo": 3.5342637965196135
    },
    "EVCS_11": {
        "zone_type": "sparse",
        "charger_type": "low",
        "lambda": 0.069,
        "mu": 0.084,
        "c": 2,
        "K": 15,
        "Pb_emp": 0.0,
        "L_emp": 1.0230621188008535,
        "W_emp": 14.962241588687242,
        "Lq_emp": 0.19534603538198328,
        "Wq_emp": 2.856927767204745,
        "Pb_theo": 2.2495397182036294e-07,
        "L_theo": 0.9881061609727844,
        "W_theo": 14.320382365959995,
        "Lq_theo": 0.16667777432783254,
        "Wq_theo": 2.4156204611980914
    },
    "EVCS_12": {
        "zone_type": "dense",
        "charger_type": "high",
        "lambda": 0.854,
        "mu": 0.101,
        "c": 10,
        "K": 40,
        "Pb_emp": 0.0,
        "L_emp": 10.942481594805184,
        "W_emp": 12.898250949135877,
        "Lq_emp": 2.51938717278362,
        "Wq_emp": 2.9696817592111433,
        "Pb_theo": 9.752890544995062e-05,
        "L_theo": 11.269057114156928,
        "W_theo": 13.196904309324568,
        "Lq_theo": 2.814436219951524,
        "Wq_theo": 3.2959142103146672
    },
    "EVCS_13": {
        "zone_type": "dense",
        "charger_type": "high",
        "lambda": 0.842,
        "mu": 0.101,
        "c": 10,
        "K": 40,
        "Pb_emp": 0.0,
        "L_emp": 10.630071633909703,
        "W_emp": 12.611446864737994,
        "Lq_emp": 2.299204933513283,
        "Wq_emp": 2.7277615663142507,
        "Pb_theo": 5.617448160320376e-05,
        "L_theo": 10.77185295502771,
        "W_theo": 12.79389322123116,
        "Lq_theo": 2.435687597735729,
        "Wq_theo": 2.892903122221259
    },
    "EVCS_14": {
        "zone_type": "dense",
        "charger_type": "medium",
        "lambda": 0.761,
        "mu": 0.092,
        "c": 9,
        "K": 35,
        "Pb_emp": 0.0014399894312702292,
        "L_emp": 14.611081905894052,
        "W_emp": 19.340310239213505,
        "Lq_emp": 6.402729005187385,
        "Wq_emp": 8.475126355152364,
        "Pb_theo": 0.0032384608279638345,
        "L_theo": 15.216673669992339,
        "W_theo": 20.06059445061799,